id,last_name,first_name,team,position,opponent,minutes,points,threes,rebounds,assists,steals,blocks,turnovers,twos,free throws,free_throws_missed,field goals,field_goals_missed,double doubles,triple doubles,price_fanduel,price_yahoo,price_draftkings,price_draftday,price_starstreet,price_fantasyfeud,price_fanthrowdown,price_starfantasyleagues,price_fantasyaces,positions_fanduel,positions_yahoo,positions_draftkings,positions_draftday,positions_starstreet,positions_fantasyfeud,positions_fanthrowdown,positions_starfantasyleagues,positions_fantasyaces
3018,Casspi,Omri,SAC,SF,@ WAS,36.00,15.88,1.89,7.58,2.23,0.88,0.12,2.57,3.81,2.60,1.23,5.69,5.19,0.27,0.00,5000,24,0,0,0,91900,0,0,0,SF,PF,SF,SF,,,,F,F
3925,Hood,Rodney,UTA,SG,PHO,32.00,15.78,2.27,3.25,2.72,1.16,0.28,1.82,3.49,1.99,0.43,5.76,6.65,0.02,0.00,4400,18,0,0,0,70700,0,0,0,SG,SG,SG,SG;SF,,,,G,G
3354,Bogdanovic,Bojan,BKN,SF,@ CHI,34.00,12.72,1.43,4.03,1.12,0.67,0.05,1.22,3.72,0.97,0.31,5.16,6.27,0.02,0.00,3700,14,0,0,0,54400,0,0,0,SF,SG,SF,SG;SF,,,,F,G
2730,Horford,Al,ATL,C,POR,33.00,17.80,0.94,8.59,3.12,0.70,1.72,1.14,6.50,1.98,0.57,7.44,6.91,0.36,0.01,7000,29,0,0,0,112200,0,0,0,C,C,C,PF;C,,,,C,C
2752,Sessions,Ramon,WAS,PG,SAC,25.00,10.52,0.71,2.81,3.77,0.99,0.04,1.69,2.65,3.10,0.79,3.36,4.29,0.01,0.00,3900,10,0,0,0,67400,0,0,0,PG,PG,PG,PG;SG,,,,G,G
3032,Beverley,Patrick,HOU,PG,CHA,31.00,9.44,2.10,3.40,3.75,1.00,0.49,1.38,1.31,0.51,0.12,3.41,5.66,0.01,0.00,4200,14,0,0,0,71600,0,0,0,PG,PG,PG,PG;SG,,,,G,G
3153,Cousins,DeMarcus,SAC,C,@ WAS,36.00,26.57,1.02,12.85,3.76,1.37,1.34,4.59,7.84,7.83,2.43,8.86,10.07,0.76,0.02,9900,51,0,0,0,164600,0,0,0,C,C,PF,PF;C,,C,,C,C
2600,Gay,Rudy,SAC,SF,@ WAS,36.00,22.60,1.50,7.10,2.66,1.06,0.41,2.88,7.12,3.86,0.70,8.62,8.74,0.31,0.00,7200,34,0,0,0,123200,0,0,0,SF,SF,SF,SF;PF,,,,F,F
3047,Green,Danny,SAS,SG,IND,23.00,7.83,1.69,3.51,1.81,0.97,0.68,1.09,1.07,0.62,0.09,2.76,4.20,0.01,0.00,3500,10,0,0,0,57200,0,0,0,SG,SG,SG,SG;SF,,,,G,G
3162,Hayward,Gordon,UTA,SF,PHO,36.00,21.84,1.86,5.71,3.50,1.63,0.29,3.11,5.41,5.45,1.23,7.27,7.68,0.07,0.00,7100,34,0,0,0,108000,0,0,0,SF,SF,SF,SG;SF,,,,F,F
3677,Olynyk,Kelly,BOS,C,MIN,21.00,9.67,0.84,3.99,1.83,1.07,0.62,1.36,2.98,1.18,0.44,3.82,4.80,0.01,0.00,3900,12,0,0,0,65800,0,0,0,C,C,C,C,,C,,C,C
3104,Bradley,Avery,BOS,SG,MIN,34.00,16.40,2.45,2.93,2.41,1.51,0.27,1.70,3.89,1.26,0.33,6.35,7.96,0.01,0.00,5300,26,0,0,0,83600,0,0,0,SG,SG,SG,PG;SG,,,,G,G
3356,Burks,Alec,UTA,SG,PHO,28.00,16.54,1.23,3.62,2.57,0.76,0.14,1.78,4.39,4.07,1.08,5.62,6.24,0.02,0.00,5100,21,0,0,0,80600,0,0,0,SG,SG,SG,PG;SG,,,,G,G
3397,Thomas,Isaiah,BOS,PG,MIN,35.00,25.83,2.95,2.76,6.68,1.33,0.06,2.50,5.51,5.96,0.84,8.46,10.02,0.11,0.00,8200,38,0,0,0,136900,0,0,0,PG,PG,PG,PG,,,,G,G
2872,Westbrook,Russell,OKC,PG,@ LAC,36.00,25.95,1.27,7.98,8.82,2.15,0.11,5.02,6.97,8.19,1.58,8.25,11.66,0.38,0.12,10200,57,0,0,0,172700,0,0,0,PG,PG,PG,PG,,,,G,G
3704,Dieng,Gorgui,MIN,C,@ BOS,29.00,9.14,0.00,7.75,1.63,1.00,1.38,2.09,3.31,2.52,0.52,3.31,3.45,0.15,0.00,4900,16,0,0,0,83200,0,0,0,C,C,C,PF;C,,C,,C,C
3218,Lin,Jeremy,CHA,PG,@ HOU,28.00,12.77,1.09,3.37,4.29,1.42,0.57,2.67,3.27,2.98,0.71,4.35,5.58,0.02,0.00,5200,13,0,0,0,89100,0,0,0,PG,PG,PG,PG;SG,,,,G,G
3113,Aminu,Al-Farouq,POR,SF,@ ATL,30.00,9.96,1.23,7.21,1.85,1.12,0.89,1.65,2.45,1.36,0.55,3.68,6.05,0.15,0.00,5100,20,0,0,0,84700,0,0,0,SF,SF,SF,SF;PF,,,,F,F
2810,Batum,Nicolas,CHA,SF,@ HOU,33.00,16.22,2.19,6.84,4.97,1.33,0.48,2.77,3.33,3.01,0.48,5.51,7.00,0.10,0.00,7100,34,0,0,0,115300,0,0,0,SF,SG,SF,SG;SF,,,,F,F
3163,Booker,Trevor,UTA,PF,PHO,26.00,7.41,0.24,7.28,1.37,1.08,0.66,1.36,2.70,1.28,0.83,2.94,3.64,0.10,0.00,4300,12,0,0,0,65100,0,0,0,PF,PF,PF,PF,,,,F,F
5026,Kaminsky,Frank,CHA,PF,@ HOU,25.00,8.67,0.90,4.21,1.89,0.62,0.78,0.92,2.47,1.03,0.31,3.37,3.74,0.01,0.00,3900,11,0,0,0,63200,0,0,0,PF,PF,C,PF;C,,C,,C,F
3731,Porter Jr,Otto,WAS,SF,SAC,34.00,13.17,1.31,5.76,2.76,1.62,0.48,1.71,3.72,1.81,0.52,5.03,6.19,0.06,0.00,5700,26,0,0,0,91700,0,0,0,SF,SF,SF,SF,,,,F,F
3287,Neal,Gary,WAS,SG,SAC,25.00,12.04,1.39,2.60,1.69,0.54,0.01,1.39,3.02,1.81,0.22,4.42,6.17,0.01,0.00,3800,11,0,0,0,60400,0,0,0,SG,SG,SG,PG;SG,,,,G,G
2464,Paul,Chris,LAC,PG,OKC,33.00,19.31,1.65,4.26,9.32,1.99,0.08,2.01,5.35,3.65,0.43,7.00,7.22,0.49,0.01,8700,41,0,0,0,134400,0,0,0,PG,PG,PG,PG,,,,G,G
3908,Capela,Clint,HOU,PF,CHA,23.00,8.78,0.00,8.58,0.85,1.07,1.38,1.11,3.78,1.22,1.50,3.78,2.84,0.14,0.00,5100,16,0,0,0,83900,0,0,0,PF,PF,C,PF;C,,C,,C,C
1928,Crawford,Jamal,LAC,SG,OKC,22.00,11.22,1.08,1.63,2.05,0.69,0.12,1.32,2.57,2.85,0.32,3.65,6.13,0.01,0.00,3600,16,0,0,0,53500,0,0,0,SG,SG,SG,SG;SF,,,,G,G
2436,Gortat,Marcin,WAS,C,SAC,31.00,13.43,0.00,10.38,1.62,0.57,1.44,1.80,5.68,2.06,0.88,5.68,4.77,0.46,0.00,6600,27,0,0,0,113400,0,0,0,C,C,C,C,,C,,C,C
2492,Williams,Marvin,CHA,PF,@ HOU,28.00,9.60,1.60,6.79,1.53,0.92,0.99,0.83,1.98,0.85,0.21,3.58,4.19,0.05,0.00,5000,24,0,0,0,84900,0,0,0,PF,PF,PF,SF;PF,,,,F,F
3438,Bazemore,Kent,ATL,SG,POR,33.00,12.45,1.36,5.18,2.15,1.49,0.94,1.22,3.11,2.16,0.80,4.47,5.62,0.05,0.00,5500,23,0,0,0,94300,0,0,0,SG,SF,SF,SG;SF,,,,G,G
3605,Sullinger,Jared,BOS,PF,MIN,26.00,11.61,0.42,8.49,2.52,0.86,0.74,1.47,4.34,1.69,0.62,4.75,5.75,0.25,0.00,5900,24,0,0,0,95200,0,0,0,PF,C,C,PF;C,,,,F,F
2631,Redick,JJ,LAC,SG,OKC,28.00,16.17,2.22,1.72,1.74,0.48,0.07,1.22,3.40,2.71,0.27,5.62,6.68,0.00,0.00,4600,15,0,0,0,78300,0,0,0,SG,SG,SG,SG,,,,G,G
3357,Butler,Jimmy,CHI,SG,BKN,38.00,23.03,1.46,5.55,3.72,2.15,0.79,1.43,6.38,5.88,1.23,7.84,7.84,0.07,0.00,8500,39,0,0,0,144800,0,0,0,SG,SG,SG,SG;SF,,,,G,G
3920,Gordon,Aaron,ORL,PF,@ NYK,22.00,7.53,0.35,5.02,0.76,0.67,0.71,0.70,2.45,1.56,0.61,2.81,3.84,0.02,0.00,3600,10,0,0,0,53600,0,0,0,PF,SF,SF,SF;PF,,,,F,F
3675,Plumlee,Mason,POR,C,@ ATL,27.00,9.01,0.00,8.43,2.10,1.03,0.62,2.18,3.48,2.04,1.65,3.48,2.95,0.19,0.00,5200,21,0,0,0,88500,0,0,0,C,C,C,PF;C,,,,C,C
1807,Korver,Kyle,ATL,SG,POR,33.00,10.18,2.24,3.79,2.45,0.93,0.65,1.26,1.35,0.74,0.11,3.59,4.16,0.01,0.00,4600,16,0,0,0,72000,0,0,0,SG,SG,SG,SG;SF,,,,G,G
2997,Griffin,Blake,LAC,PF,OKC,36.00,23.29,0.00,7.84,5.50,0.93,0.81,1.94,9.06,5.17,1.85,9.06,9.39,0.31,0.02,9200,47,0,0,0,150700,0,0,0,PF,PF,PF,PF;C,,,,F,F
3132,Favors,Derrick,UTA,PF,PHO,34.00,17.14,0.00,9.00,1.89,1.49,1.53,1.84,6.80,3.54,1.61,6.80,6.59,0.47,0.00,7700,37,0,0,0,118600,0,0,0,PF,PF,PF,PF;C,,,,F,F
3001,Harden,James,HOU,SG,CHA,36.00,28.40,3.08,5.30,7.03,1.59,0.65,3.39,5.42,8.33,1.21,8.49,10.91,0.31,0.02,10500,56,0,0,0,174000,0,0,0,SG,SG,SG,SG;SF,,,,G,G
3147,Turner,Evan,BOS,SF,MIN,27.00,9.55,0.34,5.08,4.62,1.07,0.33,1.81,3.52,1.50,0.42,3.85,5.43,0.03,0.00,5200,19,0,0,0,86200,0,0,0,SF,SF,SG,SG;SF,,,,F,G
2717,Dudley,Jared,WAS,SF,SAC,29.00,7.58,1.09,4.16,2.17,1.30,0.28,1.18,1.57,1.16,0.46,2.66,3.49,0.01,0.00,4000,12,0,0,0,66600,0,0,0,SF,SF,SF,SG;SF,,,,F,G
2633,Rondo,Rajon,SAC,PG,@ WAS,37.00,12.78,0.93,6.93,11.18,1.84,0.06,4.42,4.64,0.69,0.58,5.58,6.81,0.49,0.05,8600,41,0,0,0,154800,0,0,0,PG,PG,PG,PG,,,,G,G
3020,Collison,Darren,SAC,PG,@ WAS,28.00,13.11,1.42,2.24,4.48,1.23,0.10,2.25,3.69,1.47,0.32,5.11,5.53,0.02,0.00,5200,19,0,0,0,82300,0,0,0,PG,PG,PG,PG,,,,G,G
3166,Wall,John,WAS,PG,SAC,37.00,21.11,1.64,4.40,10.51,2.18,0.52,4.41,6.25,3.69,0.93,7.89,9.62,0.58,0.02,9900,48,0,0,0,161500,0,0,0,PG,PG,PG,PG,,,,G,G
2621,Millsap,Paul,ATL,PF,POR,33.00,17.19,0.86,8.51,3.69,1.93,1.18,2.05,5.00,4.62,1.40,5.85,6.94,0.36,0.01,8300,40,0,0,0,130000,0,0,0,PF,PF,PF,PF;C,,,,F,F
3375,Knight,Brandon,PHO,PG,@ UTA,35.00,18.85,2.56,3.80,4.99,1.39,0.26,3.16,4.21,2.76,0.55,6.76,9.08,0.03,0.00,7200,37,0,0,0,99700,0,0,0,PG,SG,PG,PG;SG,,,,G,G
2370,Ariza,Trevor,HOU,SF,CHA,35.00,11.97,2.44,5.72,2.76,1.56,0.29,1.59,1.65,1.36,0.35,4.08,6.56,0.05,0.00,5800,23,0,0,0,88000,0,0,0,SF,SF,SF,SG;SF,,,,F,F
2847,Lopez,Robin,NYK,C,ORL,22.00,6.42,0.00,5.23,1.16,0.15,1.29,1.23,2.64,1.13,0.28,2.64,2.93,0.01,0.00,3600,10,0,0,0,58200,0,0,0,C,C,C,C,,C,,C,C
3379,Leuer,Jon,PHO,PF,@ UTA,28.00,9.85,0.87,6.38,1.39,0.82,0.35,1.20,2.98,1.27,0.50,3.85,4.91,0.05,0.00,4700,19,0,0,0,77500,0,0,0,PF,PF,PF,PF;C,,,,F,F
3456,Crowder,Jae,BOS,SF,MIN,31.00,12.57,1.55,5.08,1.88,1.58,0.54,1.14,2.65,2.61,0.60,4.20,5.66,0.05,0.00,5600,25,0,0,0,98400,0,0,0,SF,SF,SF,SF;PF,,,,F,F
2846,Lopez,Brook,BKN,C,@ CHI,32.00,18.44,0.00,8.37,1.42,0.63,2.02,1.67,7.60,3.24,0.76,7.60,8.86,0.38,0.00,7700,31,0,0,0,106200,0,0,0,C,C,C,C,,C,,C,C
3678,Zeller,Cody,CHA,PF,@ HOU,22.00,7.84,0.03,5.15,1.44,0.70,0.85,0.86,2.74,2.26,0.71,2.77,2.96,0.02,0.00,4100,11,0,0,0,66900,0,0,0,PF,C,PF,PF;C,,,,F,C
5043,Porzingis,Kristaps,NYK,PF,ORL,27.00,11.57,0.95,8.34,1.21,0.73,2.08,1.93,3.28,2.17,0.45,4.23,6.38,0.25,0.00,6300,36,0,0,0,88900,0,0,0,PF,PF,PF,PF,,,,F,F
2378,Humphries,Kris,WAS,PF,SAC,18.00,6.31,0.40,5.42,1.00,0.40,0.51,0.68,1.96,1.17,0.29,2.37,3.20,0.01,0.00,3500,10,0,0,0,47900,0,0,0,PF,PF,PF,PF;C,,,,C,F
2857,Rose,Derrick,CHI,PG,BKN,31.00,14.75,0.85,3.21,5.97,1.02,0.35,2.42,5.02,2.16,0.52,5.87,8.24,0.06,0.00,6400,25,0,0,0,94800,0,0,0,PG,PG,PG,PG,,,,G,G
2841,Jordan,DeAndre,LAC,C,OKC,35.00,11.10,0.00,13.10,0.84,1.00,2.40,1.26,4.14,2.81,4.22,4.14,2.22,0.52,0.00,7700,29,0,0,0,121000,0,0,0,C,C,C,C,,C,,C,C
3711,Adams,Steven,OKC,C,@ LAC,25.00,6.77,0.00,6.97,0.70,0.46,0.75,0.94,2.78,1.20,1.09,2.78,2.12,0.01,0.00,4000,10,0,0,0,64900,0,0,0,C,C,C,C,,C,,C,C
3722,Crabbe,Allen,POR,SG,@ ATL,27.00,10.49,1.57,2.41,1.40,0.66,0.17,0.97,2.52,0.76,0.16,4.08,5.06,0.01,0.00,3800,11,0,0,0,62300,0,0,0,SG,SG,SG,SG,,,,G,G
3021,Teague,Jeff,ATL,PG,POR,28.00,14.69,0.95,2.15,5.43,1.31,0.46,1.99,3.91,4.02,0.63,4.86,6.47,0.06,0.00,6200,28,0,0,0,89500,0,0,0,PG,PG,PG,PG,,,,G,G
2718,Durant,Kevin,OKC,SF,@ LAC,37.00,25.84,2.11,7.98,4.11,0.98,0.60,3.00,6.52,6.48,0.92,8.62,9.83,0.31,0.01,9800,52,0,0,0,158900,0,0,0,SF,SF,SF,SF;PF,,,,F,F
2003,Anthony,Carmelo,NYK,SF,ORL,34.00,22.35,1.98,6.73,3.73,1.14,0.53,2.62,5.70,5.01,1.01,7.68,9.70,0.11,0.00,8600,41,0,0,0,140100,0,0,0,SF,SF,SF,SF;PF,,,,F,F
2579,Bargnani,Andrea,BKN,C,@ CHI,21.00,11.15,0.30,3.69,0.67,0.10,0.62,0.97,4.25,1.76,0.35,4.55,6.27,0.01,0.00,3900,10,0,0,0,57800,0,0,0,C,C,C,PF;C,,C,,F,C
3114,Bledsoe,Eric,PHO,SG,@ UTA,36.00,22.82,1.74,4.75,5.15,1.87,0.70,3.68,6.18,5.24,1.42,7.92,8.85,0.07,0.00,8900,44,0,0,0,143600,0,0,0,SG,PG,SG,PG;SG,,,,G,G
5052,Towns,Karl-Anthony,MIN,C,@ BOS,28.00,14.36,0.30,8.97,1.13,0.60,1.87,2.05,5.51,2.43,0.46,5.81,6.13,0.32,0.00,7000,32,0,0,0,111900,0,0,0,C,C,C,C,,C,,C,C
3725,McLemore,Ben,SAC,SG,@ WAS,23.00,9.40,1.31,2.22,1.41,0.93,0.11,1.56,2.17,1.13,0.27,3.48,3.73,0.00,0.00,3600,10,0,0,0,46500,0,0,0,SG,SG,SG,SG,,,,G,G
2769,Young,Thaddeus,BKN,PF,@ CHI,33.00,16.25,0.21,8.16,1.71,1.11,0.30,1.74,7.16,1.30,0.76,7.37,7.70,0.35,0.00,7000,32,0,0,0,112100,0,0,0,PF,PF,PF,SF;PF,,,,F,F
3377,Leonard,Kawhi,SAS,SF,IND,32.00,19.40,1.74,6.81,2.68,2.67,0.91,1.49,5.70,2.80,0.53,7.43,7.82,0.11,0.00,8800,45,0,0,0,146700,0,0,0,SF,SF,SF,SG;SF,,,,F,F
3542,Lillard,Damian,POR,PG,@ ATL,35.00,23.43,3.17,4.50,5.63,1.00,0.18,3.48,4.62,4.68,0.66,7.79,10.84,0.07,0.00,8900,48,0,0,0,137100,0,0,0,PG,PG,PG,PG,,,,G,G
1821,Ginobili,Manu,SAS,SG,IND,19.00,9.00,1.20,3.06,3.64,1.08,0.28,2.08,1.92,1.55,0.50,3.12,4.23,0.01,0.00,4600,16,0,0,0,65800,0,0,0,SG,SG,SG,SG;SF,,,,G,G
2702,Afflalo,Arron,NYK,SG,ORL,33.00,14.90,1.67,3.40,1.85,0.42,0.13,1.35,3.93,2.05,0.45,5.59,6.85,0.02,0.00,5200,15,0,0,0,83600,0,0,0,SG,SG,SG,SG;SF,,,,G,G
2446,Jack,Jarrett,BKN,PG,@ CHI,35.00,12.84,0.60,5.35,6.42,0.86,0.20,2.21,3.99,3.08,0.44,4.58,8.44,0.08,0.01,6900,26,0,0,0,122100,0,0,0,PG,PG,PG,PG;SG,,,,G,G
2086,Gasol,Pau,CHI,PF,BKN,30.00,16.34,0.23,11.40,2.88,0.37,1.84,1.93,6.38,2.88,0.82,6.61,7.14,0.59,0.01,8900,37,0,0,0,148300,0,0,0,PF,C,C,PF;C,,,,F,F
2705,Belinelli,Marco,SAC,SG,@ WAS,20.00,9.93,1.77,1.61,1.58,0.44,0.03,1.31,1.58,1.44,0.21,3.36,3.92,0.00,0.00,3500,10,0,0,0,52800,0,0,0,SG,SG,SG,SG;SF,,,,G,G
3040,Mills,Patty,SAS,PG,IND,21.00,8.78,1.61,2.05,2.47,0.87,0.04,1.13,1.80,0.37,0.09,3.40,4.07,0.00,0.00,3900,10,0,0,0,65700,0,0,0,PG,PG,PG,PG,,,,G,G
3674,Schroder,Dennis,ATL,PG,POR,22.00,10.98,1.05,2.22,4.29,0.67,0.07,1.61,2.78,2.27,0.48,3.83,6.07,0.02,0.00,4900,11,0,0,0,91200,0,0,0,PG,PG,PG,PG,,,,G,G
2745,Noah,Joakim,CHI,C,BKN,23.00,4.74,0.00,8.48,3.92,0.57,0.81,1.78,1.83,1.07,0.70,1.83,2.19,0.01,0.00,5300,17,0,0,0,96300,0,0,0,C,C,C,PF;C,,C,,C,C
3728,Burke,Trey,UTA,PG,PHO,23.00,11.08,1.42,2.07,3.14,0.91,0.08,1.46,2.93,0.98,0.33,4.34,6.58,0.01,0.00,4700,12,0,0,0,71200,0,0,0,PG,PG,PG,PG,,,,G,G
4008,Galloway,Langston,NYK,SG,ORL,22.00,7.74,1.12,2.96,2.12,0.86,0.17,0.70,1.54,1.29,0.32,2.66,3.88,0.00,0.00,3900,10,0,0,0,61600,0,0,0,SG,SG,SG,PG;SG,,,,G,G
2423,Calderon,Jose,NYK,PG,ORL,25.00,6.23,1.12,2.94,4.04,0.63,0.09,1.35,1.13,0.60,0.10,2.25,3.24,0.00,0.00,4000,10,0,0,0,57200,0,0,0,PG,PG,PG,PG,,,,G,G
2757,Stuckey,Rodney,IND,SG,@ SAS,26.00,10.63,0.48,3.11,3.09,0.70,0.11,1.57,3.56,2.06,0.39,4.04,5.78,0.01,0.00,4700,11,0,0,0,65900,0,0,0,SG,SG,SG,PG;SG,,,,G,G
2293,Howard,Dwight,HOU,C,CHA,30.00,12.53,0.00,11.61,1.61,0.86,1.32,2.86,4.85,2.84,2.33,4.85,3.60,0.49,0.00,7700,33,0,0,0,116000,0,0,0,C,C,C,PF;C,,C,,C,C
3540,Leonard,Meyers,POR,C,@ ATL,20.00,7.54,1.05,4.79,1.20,0.23,0.23,0.93,1.95,0.51,0.07,2.99,3.82,0.01,0.00,3800,10,0,0,0,52300,0,0,0,C,C,C,PF;C,,C,,C,C
2572,Aldridge,LaMarcus,SAS,PF,IND,28.00,16.23,0.14,8.93,1.08,0.34,0.89,1.56,6.39,3.02,0.65,6.53,7.59,0.35,0.00,7300,32,0,0,0,115700,0,0,0,PF,PF,PF,PF;C,,,,F,F
3405,Walker,Kemba,CHA,PG,@ HOU,34.00,16.12,1.37,4.21,5.55,1.81,0.50,2.56,4.66,2.70,0.54,6.03,8.23,0.06,0.00,7900,33,0,0,0,136300,0,0,0,PG,PG,PG,PG,,,,G,G
3620,Waiters,Dion,OKC,SG,@ LAC,28.00,9.34,0.70,3.38,1.96,0.89,0.16,1.17,2.91,1.43,0.60,3.61,6.04,0.01,0.00,4300,12,0,0,0,65000,0,0,0,SG,SG,SG,SG;SF,,,,G,G
3015,Ibaka,Serge,OKC,PF,@ LAC,32.00,13.17,0.53,7.29,0.80,0.46,1.02,1.16,5.26,1.06,0.26,5.79,6.20,0.25,0.00,6200,27,0,0,0,107100,0,0,0,PF,PF,PF,PF;C,,,,F,F
2836,Hill,George,IND,PG,@ SAS,32.00,10.97,1.05,3.40,3.79,1.05,0.24,1.33,2.96,1.90,0.51,4.01,5.79,0.01,0.00,5500,24,0,0,0,73400,0,0,0,PG,PG,PG,PG;SG,,,,G,G
3561,Nicholson,Andrew,ORL,PF,@ NYK,23.00,7.66,0.62,4.71,0.61,0.27,0.41,0.88,2.58,0.65,0.24,3.20,4.64,0.01,0.00,3700,10,0,0,0,53900,0,0,0,PF,PF,PF,PF,,,,C,F
1822,Duncan,Tim,SAS,C,IND,24.00,7.99,0.00,8.65,2.42,0.60,1.61,1.49,3.22,1.56,0.54,3.22,3.18,0.12,0.00,6200,24,0,0,0,80000,0,0,0,C,C,C,PF;C,,,,F,F
3159,Davis,Ed,POR,PF,@ ATL,20.00,6.12,0.00,7.08,1.12,0.66,0.72,0.82,2.62,0.87,0.94,2.62,1.76,0.03,0.00,4500,16,0,0,0,63800,0,0,0,PF,PF,PF,PF;C,,,,F,F
3723,McCollum,CJ,POR,SG,@ ATL,35.00,19.56,2.97,3.13,3.32,1.28,0.22,2.42,4.38,1.90,0.48,7.35,9.53,0.02,0.00,7500,30,0,0,0,121000,0,0,0,SG,SG,SG,PG;SG,,,,G,G
1810,Johnson,Joe,BKN,SG,@ CHI,33.00,11.65,1.14,3.83,3.13,0.66,0.09,1.55,3.37,1.49,0.35,4.51,6.72,0.01,0.00,5300,20,0,0,0,69000,0,0,0,SG,SF,SF,SG;SF,,,,G,F
2448,Johnson,Amir,BOS,C,MIN,23.00,7.09,0.22,5.32,1.40,0.58,1.00,1.21,2.72,0.98,0.72,2.94,2.56,0.02,0.00,4400,14,0,0,0,68000,0,0,0,C,PF,PF,PF;C,,,,F,F
2426,Ellis,Monta,IND,SG,@ SAS,33.00,11.93,0.44,2.56,4.36,1.68,0.30,2.88,4.57,1.48,0.51,5.01,6.78,0.02,0.00,5800,25,0,0,0,88700,0,0,0,SG,SG,SG,PG;SG,,,,G,G
3957,Wiggins,Andrew,MIN,SF,@ BOS,33.00,20.71,0.51,3.85,1.38,0.71,0.43,2.32,6.66,5.84,1.75,7.18,9.32,0.02,0.00,6900,29,0,0,0,108500,0,0,0,SF,SF,SG,SG;SF,,,,F,F
3944,Payton,Elfrid,ORL,PG,@ NYK,30.00,12.05,0.27,4.32,5.23,1.85,0.12,1.85,4.75,1.75,1.12,5.02,6.57,0.05,0.00,6800,27,0,0,0,107200,0,0,0,PG,PG,PG,PG,,,,G,G
3404,Vucevic,Nikola,ORL,C,@ NYK,28.00,15.71,0.00,8.09,2.15,0.62,0.51,1.29,7.10,1.51,0.51,7.10,7.01,0.33,0.00,7500,32,0,0,0,122000,0,0,0,C,C,C,PF;C,,C,,C,C
2728,Hawes,Spencer,CHA,C,@ HOU,18.00,6.65,0.64,3.68,1.85,0.29,0.71,1.16,1.93,0.88,0.27,2.57,3.08,0.00,0.00,3800,10,0,0,0,53900,0,0,0,C,PF,C,PF;C,,,,C,F
3934,McDermott,Doug,CHI,SF,BKN,23.00,9.32,1.56,2.50,0.80,0.16,0.07,0.77,2.15,0.35,0.10,3.71,4.58,0.00,0.00,3500,10,0,0,0,47700,0,0,0,SF,SF,SF,SF,,,,F,F
3409,Mirotic,Nikola,CHI,SF,BKN,19.00,9.62,1.52,4.53,1.30,0.69,0.40,1.19,1.61,1.83,0.41,3.14,4.72,0.01,0.00,4800,21,0,0,0,73500,0,0,0,SF,PF,PF,SF;PF,,,,F,F
2148,Parker,Tony,SAS,PG,IND,26.00,11.39,0.23,2.30,5.02,0.66,0.09,2.06,4.57,1.56,0.44,4.80,4.65,0.05,0.00,5500,22,0,0,0,90100,0,0,0,PG,PG,PG,PG,,,,G,G
3005,Hill,Jordan,IND,C,@ SAS,23.00,8.44,0.00,6.60,1.24,0.61,0.38,1.33,3.64,1.15,0.45,3.64,4.44,0.04,0.00,4900,14,0,0,0,77000,0,0,0,C,PF,PF,PF;C,,C,,C,C
2643,Tucker,PJ,PHO,SF,@ UTA,24.00,5.38,0.51,4.31,0.91,0.98,0.16,0.95,1.49,0.86,0.34,2.00,2.48,0.00,0.00,3500,10,0,0,0,49300,0,0,0,SF,SF,SF,SG;SF,,,,F,F
2452,Lee,David,BOS,PF,MIN,16.00,7.05,0.00,4.11,1.66,0.46,0.36,1.11,2.81,1.42,0.58,2.81,2.69,0.01,0.00,3900,10,0,0,0,60600,0,0,0,PF,PF,PF,PF;C,,,,F,F
3720,Len,Alex,PHO,C,@ UTA,26.00,8.84,0.00,6.88,0.59,0.56,1.31,1.69,3.41,2.02,0.86,3.41,3.68,0.04,0.00,5300,16,0,0,0,76100,0,0,0,C,C,C,C,,C,,C,C
3374,Kanter,Enes,OKC,C,@ LAC,19.00,10.26,0.00,7.23,0.47,0.21,0.17,1.30,4.12,2.03,0.58,4.12,3.42,0.18,0.00,5100,14,0,0,0,72400,0,0,0,C,C,C,C,,C,,C,C
3956,Warren,TJ,PHO,SF,@ UTA,21.00,9.84,0.21,2.80,0.64,0.67,0.26,0.67,4.06,1.08,0.40,4.27,3.71,0.00,0.00,4000,11,0,0,0,64200,0,0,0,SF,SF,SF,SF,,,,F,F
3350,Allen,Lavoy,IND,PF,@ SAS,20.00,4.89,0.00,5.06,1.06,0.37,0.38,0.92,2.29,0.31,0.17,2.29,2.77,0.00,0.00,3500,10,0,0,0,49900,0,0,0,PF,C,C,PF;C,,,,F,F
3680,Snell,Tony,CHI,SG,BKN,22.00,6.48,1.23,3.21,1.15,0.45,0.19,0.85,1.16,0.48,0.10,2.38,3.20,0.00,0.00,3500,10,0,0,0,45200,0,0,0,SG,SF,SF,SG;SF,,,,G,F
3111,George,Paul,IND,SF,@ SAS,34.00,20.53,2.30,6.43,3.01,1.64,0.13,3.06,4.98,3.69,0.64,7.27,10.06,0.11,0.00,9400,52,0,0,0,120900,0,0,0,SF,PF,SF,SF;PF,,,,F,F
3932,LaVine,Zach,MIN,SG,@ BOS,25.00,12.79,0.89,3.11,2.92,0.48,0.10,2.76,3.49,3.16,0.43,4.37,6.81,0.02,0.00,5500,21,0,0,0,88100,0,0,0,SG,SG,PG,PG;SG,,,,G,G
2461,Miles,CJ,IND,SF,@ SAS,28.00,11.90,1.86,2.73,0.97,0.77,0.30,1.01,2.43,1.44,0.32,4.30,6.51,0.01,0.00,5000,23,0,0,0,78800,0,0,0,SF,SF,SF,SG;SF,,,,F,G
3033,Thornton,Marcus,HOU,SG,CHA,16.00,8.96,1.57,1.93,1.20,0.59,0.07,0.46,1.83,0.59,0.11,3.40,4.70,0.00,0.00,3900,13,0,0,0,72600,0,0,0,SG,SG,SF,SG;SF,,,,G,G
3367,Harris,Tobias,ORL,SF,@ NYK,29.00,12.45,0.73,6.11,1.46,0.80,0.40,1.16,3.95,2.38,0.53,4.67,5.89,0.08,0.00,6400,26,0,0,0,101700,0,0,0,SF,SF,SF,SF;PF,,,,F,F
3046,Rubio,Ricky,MIN,PG,@ BOS,31.00,9.44,0.36,4.33,7.17,1.50,0.05,3.11,2.26,3.85,0.85,2.61,5.39,0.15,0.00,7200,29,0,0,0,118100,0,0,0,PG,PG,PG,PG,,,,G,G
1968,Diaw,Boris,SAS,PF,IND,18.00,6.02,0.34,3.29,1.78,0.26,0.26,1.27,2.18,0.64,0.20,2.52,2.76,0.00,0.00,3500,10,0,0,0,48700,0,0,0,PF,C,PF,PF;C,,C,,C,F
3475,Fournier,Evan,ORL,SG,@ NYK,25.00,10.78,1.22,2.60,1.49,0.71,0.00,0.87,2.68,1.77,0.46,3.90,5.45,0.01,0.00,4700,22,0,0,0,68500,0,0,0,SG,SG,SF,SG;SF,,,,G,G
2083,Chandler,Tyson,PHO,C,@ UTA,20.00,5.23,0.00,6.40,0.41,0.42,0.59,0.85,1.93,1.36,0.62,1.93,1.23,0.01,0.00,4100,12,0,0,0,48500,0,0,0,C,C,C,C,,C,,C,C
2842,Koufos,Kosta,SAC,C,@ WAS,19.00,6.42,0.00,5.72,0.36,0.43,0.75,0.69,2.81,0.80,0.52,2.81,2.49,0.01,0.00,4300,12,0,0,0,64600,0,0,0,C,C,C,PF;C,,C,,C,C
1977,West,David,SAS,PF,IND,15.00,5.01,0.00,4.18,1.47,0.34,0.43,1.09,2.08,0.86,0.34,2.08,2.19,0.00,0.00,3600,10,0,0,0,51200,0,0,0,PF,PF,PF,PF,,,,F,F
3563,O'Quinn,Kyle,NYK,C,ORL,15.00,4.83,0.09,4.56,1.18,0.52,1.00,0.92,1.85,0.87,0.35,1.93,2.40,0.00,0.00,4000,10,0,0,0,67000,0,0,0,C,C,PF,PF;C,,,,F,F
3537,Lamb,Jeremy,CHA,SG,@ HOU,17.00,8.44,0.88,3.47,1.20,0.59,0.26,0.71,2.49,0.82,0.26,3.37,4.18,0.01,0.00,4400,16,0,0,0,74700,0,0,0,SG,SG,SG,SG;SF,,,,G,G
3714,Oladipo,Victor,ORL,SG,@ NYK,26.00,13.58,0.82,4.14,2.58,1.02,0.14,1.32,4.08,2.96,0.63,4.90,6.89,0.02,0.00,6700,28,0,0,0,92700,0,0,0,SG,SG,SG,PG;SG,,,,G,G
3011,Gibson,Taj,CHI,PF,BKN,20.00,6.67,0.00,5.02,1.11,0.53,0.64,0.89,2.79,1.09,0.39,2.79,2.52,0.01,0.00,4500,12,0,0,0,74700,0,0,0,PF,PF,PF,PF;C,,,,F,F
2430,Frye,Channing,ORL,PF,@ NYK,20.00,5.64,1.15,3.38,0.91,0.50,0.30,0.68,0.89,0.40,0.05,2.04,3.56,0.00,0.00,3600,10,0,0,0,47600,0,0,0,PF,PF,PF,PF;C,,,,F,F
2706,Brewer,Corey,HOU,SF,CHA,18.00,7.13,0.83,2.28,1.43,0.79,0.17,0.80,1.72,1.19,0.39,2.56,4.04,0.00,0.00,3900,14,0,0,0,61100,0,0,0,SF,SF,SF,SG;SF,,,,F,F
3242,Ingles,Joe,UTA,SF,PHO,18.00,5.51,1.09,2.18,1.72,0.83,0.08,1.17,0.95,0.33,0.09,2.04,2.44,0.00,0.00,3500,10,0,0,0,35000,0,0,0,SF,SF,SG,SG;SF,,,,G,F
3334,Splitter,Tiago,ATL,C,POR,13.00,5.72,0.00,3.43,0.80,0.35,0.48,0.64,2.25,1.22,0.39,2.25,1.71,0.00,0.00,3500,10,0,0,0,45200,0,0,0,C,C,C,C,,,,C,F
3922,Hairston,PJ,CHA,SF,@ HOU,20.00,5.72,1.11,3.01,0.98,0.57,0.26,0.55,0.84,0.70,0.10,1.96,3.72,0.00,0.00,3600,10,0,0,0,44300,0,0,0,SF,SF,SF,SG;SF,,,,G,G
1874,Garnett,Kevin,MIN,PF,@ BOS,14.00,3.05,0.00,4.43,1.22,0.77,0.35,0.56,1.34,0.36,0.15,1.34,1.57,0.00,0.00,3500,10,0,0,0,48400,0,0,0,PF,PF,PF,PF;C,,,,F,F
3013,Henderson,Gerald,POR,SG,@ ATL,17.00,7.38,0.70,1.88,1.26,0.33,0.11,0.96,2.13,1.00,0.26,2.84,4.13,0.00,0.00,3500,10,0,0,0,44600,0,0,0,SG,SG,SG,SG;SF,,,,G,G
2707,Brooks,Aaron,CHI,PG,BKN,14.00,6.72,0.99,1.42,2.16,0.52,0.12,0.88,1.46,0.83,0.18,2.45,3.70,0.00,0.00,3700,10,0,0,0,50000,0,0,0,PG,PG,PG,PG,,,,G,G
2002,Hilario,Nene,WAS,PF,SAC,16.00,6.79,0.00,4.02,1.16,0.51,0.24,1.26,2.67,1.46,0.95,2.67,2.67,0.00,0.00,4100,10,0,0,0,65300,0,0,0,PF,PF,PF,PF;C,,,,F,F
2332,Smith,Josh,LAC,PF,OKC,13.00,5.15,0.50,3.05,1.27,0.52,0.85,0.99,1.50,0.66,0.54,2.00,3.07,0.00,0.00,3800,10,0,0,0,56600,0,0,0,PF,PF,PF,SF;PF,,,,F,F
2755,Smith,Jason,ORL,PF,@ NYK,16.00,5.87,0.13,2.99,1.08,0.27,0.42,0.82,2.20,1.07,0.22,2.33,3.07,0.00,0.00,3500,10,0,0,0,38600,0,0,0,PF,PF,PF,PF;C,,,,F,C
3057,Ellington,Wayne,BKN,SG,@ CHI,20.00,6.70,0.75,2.08,0.97,0.61,0.05,0.40,2.00,0.47,0.10,2.74,4.47,0.00,0.00,3500,10,0,0,0,35000,0,0,0,SG,SG,SG,SG,,,,G,G
2636,Sefolosha,Thabo,ATL,SF,POR,19.00,5.25,0.49,3.74,1.09,1.08,0.47,0.64,1.53,0.72,0.30,2.02,2.27,0.00,0.00,4200,14,0,0,0,55400,0,0,0,SF,SF,SF,SG;SF,,,,F,G
3413,Thomas,Lance,NYK,SF,ORL,23.00,8.09,0.87,2.29,0.88,0.55,0.08,1.12,2.00,1.48,0.38,2.87,3.67,0.00,0.00,3900,10,0,0,0,56400,0,0,0,SF,SF,SF,SG;SF,,,,G,F
3713,Roberson,Andre,OKC,SG,@ LAC,21.00,3.71,0.31,3.72,0.84,0.79,0.39,0.56,1.20,0.39,0.32,1.50,2.05,0.00,0.00,3500,10,0,0,0,41700,0,0,0,SG,SG,SG,SG;SF,,,,G,G
2262,Martin,Kevin,MIN,SG,@ BOS,18.00,9.36,0.62,1.77,0.78,0.43,0.02,0.86,2.39,2.71,0.36,3.01,4.15,0.00,0.00,4000,13,0,0,0,72600,0,0,0,SG,SG,SG,SG;SF,,,,G,G
3706,Muhammad,Shabazz,MIN,SF,@ BOS,17.00,8.05,0.36,3.02,0.37,0.28,0.07,0.97,2.64,1.69,0.57,3.00,3.31,0.01,0.00,3800,10,0,0,0,50200,0,0,0,SF,SF,SF,SG;SF,,,,F,F
2455,Mahinmi,Ian,IND,C,@ SAS,22.00,5.82,0.00,5.96,1.04,0.80,0.81,1.05,2.45,0.92,1.22,2.45,2.32,0.00,0.00,5300,16,0,0,0,72700,0,0,0,C,C,C,C,,C,,C,C
3646,Prigioni,Pablo,LAC,PG,OKC,16.00,3.46,0.68,1.68,2.29,1.15,0.02,0.59,0.45,0.50,0.06,1.14,1.71,0.00,0.00,3500,10,0,0,0,35000,0,0,0,PG,SG,PG,PG;SG,,,,G,G
3955,Vonleh,Noah,POR,PF,@ ATL,17.00,3.51,0.17,4.71,0.61,0.28,0.41,0.83,1.24,0.51,0.17,1.42,2.51,0.00,0.00,3500,10,0,0,0,37200,0,0,0,PF,PF,PF,PF,,,,F,F
3129,Johnson,Wesley,LAC,SF,OKC,17.00,5.65,0.94,2.16,0.56,0.60,0.32,0.57,1.12,0.57,0.19,2.07,3.12,0.00,0.00,3500,10,0,0,0,37900,0,0,0,SF,SG,SF,SG;SF,,,,F,F
3389,Motiejunas,Donatas,HOU,PF,CHA,16.00,6.83,0.52,3.29,1.37,0.38,0.28,1.10,2.27,0.75,0.47,2.78,3.20,0.00,0.00,4500,14,0,0,0,51500,0,0,0,PF,SF,PF,SF;PF,,,,F,F
3527,Jones,Terrence,HOU,PF,CHA,16.00,6.70,0.33,3.89,0.91,0.27,0.96,0.70,2.37,0.96,0.58,2.70,2.82,0.00,0.00,4900,17,0,0,0,61900,0,0,0,PF,PF,PF,SF;PF,,,,F,F
3642,Teletovic,Mirza,PHO,PF,@ UTA,17.00,6.73,1.43,2.65,0.72,0.34,0.24,0.67,0.92,0.58,0.25,2.35,3.62,0.00,0.00,4100,12,0,0,0,49800,0,0,0,PF,SF,SF,SF;PF,,,,F,F
3406,Williams,Derrick,NYK,PF,ORL,13.00,6.03,0.62,2.07,0.89,0.33,0.07,0.48,1.30,1.56,0.63,1.92,2.93,0.00,0.00,3600,10,0,0,0,44800,0,0,0,PF,PF,SF,SF;PF,,,,F,F
2850,Mbah a Moute,Luc,LAC,SF,OKC,17.00,4.55,0.41,2.64,0.61,0.67,0.24,0.55,1.34,0.65,0.49,1.75,2.70,0.00,0.00,3500,10,0,0,0,35000,0,0,0,SF,SF,SF,SF;PF,,,,F,F
5011,Grant,Jerian,NYK,PG,ORL,13.00,4.39,0.16,1.36,2.31,0.48,0.10,1.21,1.39,1.12,0.28,1.55,2.00,0.00,0.00,3500,10,0,0,0,35000,0,0,0,PG,PG,PG,PG,,,,G,G
3672,Muscala,Mike,ATL,PF,POR,12.00,4.21,0.33,2.53,0.64,0.29,0.60,0.52,1.31,0.61,0.08,1.63,1.78,0.00,0.00,3500,10,0,0,0,36400,0,0,0,PF,PF,C,PF;C,,,,C,F
3076,Temple,Garrett,WAS,PG,SAC,15.00,4.68,0.77,1.80,1.29,0.92,0.15,0.68,0.68,1.00,0.44,1.45,2.47,0.00,0.00,3900,10,0,0,0,47000,0,0,0,PG,SG,SG,PG;SG,,,,G,G
3901,Anderson,Kyle,SAS,SF,IND,14.00,2.78,0.13,2.70,1.06,0.73,0.35,0.56,1.00,0.39,0.21,1.13,2.11,0.00,0.00,3500,10,0,0,0,35000,0,0,0,SF,SF,SF,SF,,,,F,F
5029,Lyles,Trey,UTA,PF,PHO,14.00,4.27,0.12,3.18,0.53,0.33,0.22,1.04,1.54,0.83,0.29,1.66,2.31,0.00,0.00,3500,10,0,0,0,35000,0,0,0,PF,PF,PF,PF,,,,F,F
1960,Terry,Jason,HOU,PG,CHA,15.00,4.62,1.27,0.98,1.37,0.51,0.22,0.61,0.28,0.24,0.05,1.55,2.48,0.00,0.00,3500,10,0,0,0,38900,0,0,0,PG,SG,PG,PG;SG,,,,G,G
3730,Neto,Raul,UTA,PG,PHO,13.00,3.83,0.26,1.00,2.12,0.85,0.04,1.50,1.22,0.61,0.30,1.48,2.32,0.00,0.00,3500,10,0,0,0,41300,0,0,0,PG,PG,PG,PG,,,,G,G
2467,Price,Ronnie,PHO,PG,@ UTA,14.00,3.38,0.69,0.95,1.69,1.01,0.10,0.75,0.42,0.49,0.11,1.10,2.04,0.00,0.00,3500,10,0,0,0,35300,0,0,0,PG,PG,PG,PG;SG,,,,G,G
5093,Simmons,Jonathon,SAS,SG,IND,15.00,3.77,0.14,1.95,1.52,0.72,0.05,2.33,0.98,1.40,0.40,1.12,2.00,0.00,0.00,3500,10,0,0,0,42600,0,0,0,SG,SF,SF,SF,,,,F,G
3034,Budinger,Chase,IND,SF,@ SAS,15.00,4.19,0.42,1.92,0.86,0.40,0.11,0.68,1.15,0.64,0.17,1.57,2.30,0.00,0.00,3500,10,0,0,0,35000,0,0,0,SF,SF,SF,SG;SF,,,,F,F
5039,Oubre,Kelly,WAS,SF,SAC,10.00,4.98,0.57,1.81,0.37,0.40,0.05,0.55,1.11,1.05,0.45,1.68,2.56,0.00,0.00,3600,10,0,0,0,35000,0,0,0,SF,SF,SF,,,,,,F
3276,Sloan,Donald,BKN,PG,@ CHI,14.00,3.00,0.18,1.80,1.98,0.25,0.00,0.76,0.98,0.50,0.15,1.16,2.36,0.00,0.00,3500,10,0,0,0,35000,0,0,0,PG,SG,PG,PG;SG,,,,G,G
1894,Prince,Tayshaun,MIN,SF,@ BOS,20.00,2.95,0.12,2.57,0.83,0.38,0.15,0.49,1.15,0.29,0.16,1.27,1.68,0.00,0.00,3500,10,0,0,0,35000,0,0,0,SF,SF,SF,SF;PF,,,,F,F
3183,Stephenson,Lance,LAC,SG,OKC,13.00,3.21,0.26,1.81,1.46,0.40,0.05,0.91,1.01,0.43,0.19,1.26,1.91,0.00,0.00,3500,10,0,0,0,35000,0,0,0,SG,SG,SF,SG;SF,,,,G,G
3959,Young,James,BOS,SF,MIN,13.00,4.20,0.74,1.69,0.52,0.30,0.07,0.14,0.69,0.62,0.48,1.42,2.38,0.00,0.00,3500,10,0,0,0,35000,0,0,0,SF,SG,SG,SG,,,,G,G
3499,Harkless,Maurice,POR,SF,@ ATL,12.00,3.28,0.28,2.25,0.70,0.42,0.19,0.76,1.01,0.41,0.30,1.30,1.77,0.00,0.00,3500,10,0,0,0,35000,0,0,0,SF,SF,SF,SF,,,,F,F
2809,Augustin,DJ,OKC,PG,@ LAC,13.00,3.85,0.53,1.03,1.64,0.31,0.01,0.91,0.69,0.90,0.18,1.21,1.93,0.00,0.00,3500,10,0,0,0,35000,0,0,0,PG,PG,PG,PG,,,,G,G
3027,Jerebko,Jonas,BOS,PF,MIN,11.00,3.11,0.22,2.33,0.62,0.34,0.16,0.54,0.95,0.57,0.11,1.16,1.53,0.00,0.00,3500,10,0,0,0,35000,0,0,0,PF,SF,PF,SF;PF,,,,F,F
2853,Morrow,Anthony,OKC,SG,@ LAC,13.00,4.43,0.82,1.24,0.35,0.37,0.08,0.25,0.80,0.37,0.05,1.62,2.34,0.00,0.00,3500,10,0,0,0,35000,0,0,0,SG,SF,SG,SG;SF,,,,G,G
2132,Hinrich,Kirk,CHI,SG,BKN,13.00,2.95,0.46,0.97,1.41,0.57,0.14,0.55,0.65,0.27,0.08,1.11,1.70,0.00,0.00,3500,10,0,0,0,35000,0,0,0,SG,PG,PG,PG;SG,,,,G,G
5018,Hezonja,Mario,ORL,SF,@ NYK,13.00,4.06,0.59,1.56,0.52,0.44,0.04,0.91,1.01,0.29,0.14,1.59,2.71,0.00,0.00,3500,10,0,0,0,35000,0,0,0,SF,SG,SG,SG,,,,G,G
2297,Collison,Nick,OKC,PF,@ LAC,11.00,2.33,0.04,2.56,0.73,0.32,0.11,0.56,0.94,0.32,0.10,0.99,1.12,0.00,0.00,3500,10,0,0,0,35000,0,0,0,PF,PF,C,PF;C,,,,F,F
3708,Withey,Jeff,UTA,C,PHO,9.00,2.60,0.00,1.90,0.36,0.19,0.65,0.33,0.83,0.94,0.39,0.83,0.81,0.00,0.00,3500,10,0,0,0,35000,0,0,0,C,C,C,C,,C,,C,C
3388,Morris,Markieff,PHO,PF,@ UTA,11.00,4.94,0.24,1.93,0.66,0.41,0.14,0.78,1.76,0.71,0.22,2.00,2.51,0.00,0.00,4700,17,0,0,0,57500,0,0,0,PF,PF,PF,PF;C,,,,F,F
3127,Bjelica,Nemanja,MIN,SF,@ BOS,9.00,2.37,0.46,2.02,0.62,0.22,0.16,0.34,0.37,0.23,0.16,0.84,1.17,0.00,0.00,3500,10,0,0,0,36800,0,0,0,SF,PF,PF,PF,,,,F,F
1852,Pierce,Paul,LAC,SF,OKC,10.00,3.27,0.53,1.29,0.57,0.28,0.14,0.40,0.55,0.57,0.15,1.08,1.62,0.00,0.00,3500,10,0,0,0,35000,0,0,0,SF,SF,SF,SF;PF,,,,F,F
3589,Scott,Mike,ATL,SF,POR,7.00,3.09,0.30,1.22,0.68,0.16,0.04,0.25,0.86,0.47,0.13,1.16,1.53,0.00,0.00,3500,10,0,0,0,35400,0,0,0,SF,PF,PF,PF,,,,F,F
2301,Vujacic,Sasha,NYK,SG,ORL,8.00,2.85,0.44,0.98,0.75,0.27,0.05,0.43,0.56,0.41,0.09,1.00,1.54,0.00,0.00,3500,10,0,0,0,35000,0,0,0,SG,SG,SG,SG,,,,G,G
3579,Robinson,Thomas,BKN,PF,@ CHI,5.00,1.81,0.00,2.00,0.13,0.17,0.24,0.35,0.78,0.24,0.19,0.78,0.91,0.00,0.00,3500,10,0,0,0,35000,0,0,0,PF,PF,PF,PF;C,,,,F,F
3014,Hansbrough,Tyler,CHA,PF,@ HOU,6.00,1.90,0.00,1.60,0.18,0.22,0.15,0.13,0.64,0.63,0.27,0.64,0.55,0.00,0.00,3500,10,0,0,0,35000,0,0,0,PF,PF,PF,PF;C,,,,F,F
3385,Moore,E'Twaun,CHI,PG,BKN,7.00,2.13,0.18,0.68,0.53,0.35,0.07,0.23,0.72,0.14,0.08,0.90,0.99,0.00,0.00,3500,10,0,0,0,35000,0,0,0,PG,SG,SG,PG;SG,,,,G,G
3165,Seraphin,Kevin,NYK,PF,ORL,5.00,1.88,0.00,1.18,0.33,0.06,0.34,0.45,0.84,0.21,0.07,0.84,0.93,0.00,0.00,3500,10,0,0,0,38200,0,0,0,PF,PF,PF,PF;C,,,,F,C
3942,Patterson,Lamar,ATL,SG,POR,7.00,1.88,0.21,0.54,0.81,0.26,0.04,0.23,0.28,0.69,0.24,0.49,0.88,0.00,0.00,3500,10,0,0,0,35000,0,0,0,SG,SG,SG,SG,,,,G,G
5002,Booker,Devin,PHO,SG,@ UTA,8.00,2.44,0.26,0.61,0.41,0.19,0.08,0.33,0.67,0.32,0.09,0.93,1.23,0.00,0.00,3500,10,0,0,0,0,0,0,0,SG,SG,SG,,,,,,
2787,Watson,CJ,ORL,PG,@ NYK,5.00,1.98,0.19,0.62,0.62,0.23,0.02,0.26,0.46,0.49,0.11,0.65,0.85,0.00,0.00,3600,10,0,0,0,57200,0,0,0,PG,PG,PG,PG,,,,G,G
3863,Curry,Seth,SAC,SG,@ WAS,5.00,1.61,0.19,0.92,0.43,0.20,0.00,0.39,0.44,0.17,0.05,0.63,0.79,0.00,0.00,3500,10,0,0,0,35000,0,0,0,SG,PG,PG,PG,,,,G,G
3905,Brown,Markel,BKN,SG,@ CHI,6.00,1.49,0.08,0.82,0.29,0.20,0.07,0.14,0.46,0.32,0.06,0.54,1.04,0.00,0.00,3500,10,0,0,0,35000,0,0,0,SG,SG,SG,SG,,,,G,G
2192,Butler,Rasual,SAS,SF,IND,5.00,1.58,0.27,0.67,0.26,0.15,0.13,0.14,0.33,0.11,0.04,0.60,0.94,0.00,0.00,3500,10,0,0,0,35000,0,0,0,SF,SG,SG,SG;SF,,,,G,F
3960,Rudez,Damjan,MIN,SF,@ BOS,7.00,2.23,0.51,0.32,0.29,0.08,0.01,0.38,0.31,0.07,0.01,0.82,1.00,0.00,0.00,3500,10,0,0,0,35000,0,0,0,SF,SG,SF,SG;SF,,,,G,F
3771,Daniels,Troy,CHA,SG,@ HOU,5.00,2.03,0.43,0.41,0.30,0.07,0.00,0.24,0.31,0.10,0.02,0.75,1.16,0.00,0.00,3500,10,0,0,0,35000,0,0,0,SG,PG,PG,PG,,,,G,G
2001,Miller,Andre,MIN,PG,@ BOS,5.00,1.16,0.02,0.46,0.89,0.13,0.04,0.55,0.39,0.32,0.09,0.41,0.52,0.00,0.00,3500,10,0,0,0,35000,0,0,0,PG,PG,PG,PG;SG,,,,G,G
3639,Zeller,Tyler,BOS,C,MIN,3.00,1.69,0.00,0.72,0.22,0.03,0.08,0.15,0.69,0.31,0.08,0.69,0.47,0.00,0.00,3500,10,0,0,0,35000,0,0,0,C,PF,C,PF;C,,C,,C,C
3577,Roberts,Brian,CHA,PG,@ HOU,4.00,1.33,0.16,0.48,0.52,0.12,0.02,0.23,0.35,0.15,0.02,0.51,0.76,0.00,0.00,3500,10,0,0,0,35000,0,0,0,PG,SG,PG,PG;SG,,,,G,G
3248,Millsap,Elijah,UTA,SF,PHO,4.00,1.00,0.12,0.70,0.25,0.29,0.07,0.32,0.20,0.22,0.11,0.33,0.56,0.00,0.00,3500,10,0,0,0,35000,0,0,0,SF,SG,SG,SG;SF,,,,G,F
3943,Payne,Adreian,MIN,PF,@ BOS,4.00,1.13,0.01,0.87,0.16,0.11,0.05,0.24,0.46,0.16,0.08,0.48,0.78,0.00,0.00,3500,10,0,0,0,35000,0,0,0,PF,PF,PF,PF,,,,F,F
3394,Singler,Kyle,OKC,SF,@ LAC,5.00,1.07,0.18,0.69,0.13,0.15,0.05,0.23,0.19,0.15,0.06,0.37,0.77,0.00,0.00,3500,10,0,0,0,35000,0,0,0,SF,SG,SF,SG;SF,,,,F,F
3774,Dedmon,Dewayne,ORL,C,@ NYK,3.00,0.78,0.00,0.95,0.04,0.06,0.14,0.15,0.30,0.18,0.12,0.30,0.30,0.00,0.00,3500,10,0,0,0,35000,0,0,0,C,C,C,C,,C,,C,C
3947,Robinson III,Glenn,IND,SF,@ SAS,4.00,1.11,0.07,0.52,0.17,0.08,0.01,0.21,0.35,0.21,0.09,0.42,0.60,0.00,0.00,3500,10,0,0,0,35000,0,0,0,SF,SF,SF,SF,,,,F,
3518,Johnson,Chris,UTA,SG,PHO,3.00,1.07,0.17,0.35,0.12,0.16,0.03,0.11,0.23,0.10,0.02,0.40,0.52,0.00,0.00,3500,10,0,0,0,35000,0,0,0,SG,SF,SF,SF;PF,,,,F,F
3933,McDaniels,KJ,HOU,SF,CHA,2.00,0.81,0.08,0.30,0.13,0.06,0.11,0.13,0.21,0.15,0.05,0.29,0.44,0.00,0.00,3500,10,0,0,0,35000,0,0,0,SF,SF,SF,SF,,,,G,G
3695,Hill,Solomon,IND,SG,@ SAS,3.00,0.77,0.07,0.35,0.20,0.07,0.01,0.15,0.23,0.11,0.02,0.30,0.46,0.00,0.00,3500,10,0,0,0,35000,0,0,0,SG,SG,SF,SG;SF,,,,G,F
5014,Harrell,Montrezl,HOU,PF,CHA,2.00,0.59,0.00,0.57,0.08,0.03,0.06,0.15,0.24,0.10,0.07,0.24,0.29,0.00,0.00,3500,10,0,0,0,35000,0,0,0,PF,PF,PF,PF,,,,F,F
3658,Reed,Willie,BKN,PF,@ CHI,7.00,2.81,0.00,2.69,0.20,0.21,0.36,0.30,1.12,0.58,0.33,1.12,1.23,0.00,0.00,0,10,0,0,0,35000,0,0,0,PF,SF,SF,SF;PF,,,,F,F
3913,Marble,Devyn,ORL,SG,@ NYK,0.00,0.00,0.00,0.00,0.00,0.00,0.00,0.00,0.00,0.00,0.00,0.00,0.00,0.00,0.00,3500,10,0,0,0,35000,0,0,0,SG,SG,SF,SG;SF,,,,F,G
2574,Amundson,Louis,NYK,PF,ORL,0.00,0.00,0.00,0.00,0.00,0.00,0.00,0.00,0.00,0.00,0.00,0.00,0.00,0.00,0.00,3500,10,0,0,0,35000,0,0,0,PF,PF,PF,PF,,,,F,F
3724,McCallum,Ray,SAS,PG,IND,0.00,0.00,0.00,0.00,0.00,0.00,0.00,0.00,0.00,0.00,0.00,0.00,0.00,0.00,0.00,3600,10,0,0,0,35000,0,0,0,PG,PG,PG,PG,,,,G,G
5005,Christmas,Rakeem,IND,PF,@ SAS,0.00,0.00,0.00,0.00,0.00,0.00,0.00,0.00,0.00,0.00,0.00,0.00,0.00,0.00,0.00,3500,10,0,0,0,50000,0,0,0,PF,PF,PF,PF,,,,F,F
2142,Butler,Caron,SAC,SF,@ WAS,0.00,0.00,0.00,0.00,0.00,0.00,0.00,0.00,0.00,0.00,0.00,0.00,0.00,0.00,0.00,3500,10,0,0,0,35000,0,0,0,SF,SF,SF,SF,,,,F,F
3575,Rivers,Austin,LAC,PG,OKC,,0.00,,0.00,,,,,0.00,,0.00,,0.00,0.00,0.00,3500,10,0,0,0,40600,0,0,0,PG,PG,SG,PG;SG,,,,G,G
5007,Dawson,Branden,LAC,PF,OKC,0.00,0.00,0.00,0.00,0.00,0.00,0.00,0.00,0.00,0.00,0.00,0.00,0.00,0.00,0.00,0,10,0,0,0,0,0,0,0,PF,SF,SF,SF;PF,,,,F,F
5008,Dekker,Sam,HOU,SF,CHA,,0.00,,0.00,,,,,0.00,,0.00,,0.00,0.00,0.00,3500,10,0,0,0,41000,0,0,0,SF,SF,SF,SF,,,,F,F
2285,Jefferson,Al,CHA,C,@ HOU,,0.00,,0.00,,,,,0.00,,0.00,,0.00,0.00,0.00,6500,22,0,0,0,100700,0,0,0,C,PF,C,PF;C,,C,,C,C
3427,Acy,Quincy,SAC,PF,@ WAS,0.00,0.00,0.00,0.00,0.00,0.00,0.00,0.00,0.00,0.00,0.00,0.00,0.00,0.00,0.00,3500,10,0,0,0,35000,0,0,0,PF,PF,PF,SF;PF,,,,F,F
3155,Anderson,James,SAC,SG,@ WAS,0.00,0.00,0.00,0.00,0.00,0.00,0.00,0.00,0.00,0.00,0.00,0.00,0.00,0.00,0.00,3500,10,0,0,0,35000,0,0,0,SG,SF,SG,SG;SF,,,,G,G
3915,Early,Cleanthony,NYK,SF,ORL,0.00,0.00,0.00,0.00,0.00,0.00,0.00,0.00,0.00,0.00,0.00,0.00,0.00,0.00,0.00,3500,10,0,0,0,35000,0,0,0,SF,SF,SF,SF,,,,F,F
4073,Moreland,Eric,SAC,PF,@ WAS,,0.00,,0.00,,,,,0.00,,0.00,,0.00,0.00,0.00,3500,10,0,0,0,35000,0,0,0,PF,PF,PF,PF,,,,F,F
2624,Novak,Steve,OKC,SF,@ LAC,0.00,0.00,0.00,0.00,0.00,0.00,0.00,0.00,0.00,0.00,0.00,0.00,0.00,0.00,0.00,3500,10,0,0,0,35000,0,0,0,SF,SF,SF,SF;PF,,,,F,F
3024,Blair,DeJuan,WAS,C,SAC,0.00,0.00,0.00,0.00,0.00,0.00,0.00,0.00,0.00,0.00,0.00,0.00,0.00,0.00,0.00,3500,10,0,0,0,35000,0,0,0,C,C,C,PF;C,,C,,F,C
3729,Gobert,Rudy,UTA,C,PHO,,0.00,,0.00,,,,,0.00,,0.00,,0.00,0.00,0.00,7100,26,0,0,0,110900,0,0,0,C,C,C,C,,C,,C,C
5075,Harrison,Aaron,CHA,PG,@ HOU,0.00,0.00,0.00,0.00,0.00,0.00,0.00,0.00,0.00,0.00,0.00,0.00,0.00,0.00,0.00,3500,10,0,0,0,35000,0,0,0,PG,PG,PG,PG,,,,G,G
3025,Lawson,Ty,HOU,PG,CHA,,0.00,,0.00,,,,,0.00,,0.00,,0.00,0.00,0.00,3600,10,0,0,0,43200,0,0,0,PG,PG,PG,PG,,,,G,G
5004,Cauley-Stein,Willie,SAC,C,@ WAS,,0.00,,0.00,,,,,0.00,,0.00,,0.00,0.00,0.00,3600,10,0,0,0,54000,0,0,0,C,C,C,C,,C,,C,F
2032,Dunleavy,Mike,CHI,SF,BKN,,0.00,,0.00,,,,,0.00,,0.00,,0.00,0.00,0.00,4200,18,0,0,0,68600,0,0,0,SF,SG,SF,SG;SF,,,,F,F
5020,Hollis-Jefferson,Rondae,BKN,SF,@ CHI,,0.00,,0.00,,,,,0.00,,0.00,,0.00,0.00,0.00,4000,10,0,0,0,66800,0,0,0,SF,SG,SG,SG;SF,,,,F,F
2871,Weems,Sonny,PHO,SF,@ UTA,0.00,0.00,0.00,0.00,0.00,0.00,0.00,0.00,0.00,0.00,0.00,0.00,0.00,0.00,0.00,3500,10,0,0,0,35000,0,0,0,SF,SG,SG,SG;SF,,,,G,G
3812,Marjanovic,Boban,SAS,C,IND,0.00,0.00,0.00,0.00,0.00,0.00,0.00,0.00,0.00,0.00,0.00,0.00,0.00,0.00,0.00,3600,10,0,0,0,35000,0,0,0,C,C,C,C,,C,,C,C
2607,Hollins,Ryan,WAS,PF,SAC,0.00,0.00,0.00,0.00,0.00,0.00,0.00,0.00,0.00,0.00,0.00,0.00,0.00,0.00,0.00,4000,10,0,0,0,35000,0,0,0,PF,C,C,C,,C,,C,C
4070,Frazier,Tim,POR,PG,@ ATL,0.00,0.00,0.00,0.00,0.00,0.00,0.00,0.00,0.00,0.00,0.00,0.00,0.00,0.00,0.00,3500,10,0,0,0,35000,0,0,0,PG,PG,PG,PG,,,,G,G
5083,Alexander,Cliff,POR,PF,@ ATL,0.00,0.00,0.00,0.00,0.00,0.00,0.00,0.00,0.00,0.00,0.00,0.00,0.00,0.00,0.00,3500,10,0,0,0,35000,0,0,0,PF,PF,PF,PF,,,,F,F
3709,Hardaway Jr,Tim,ATL,SG,POR,0.00,0.00,0.00,0.00,0.00,0.00,0.00,0.00,0.00,0.00,0.00,0.00,0.00,0.00,0.00,3500,10,0,0,0,40400,0,0,0,SG,SG,SG,SG;SF,,,,G,G
5031,McCullough,Chris,BKN,PF,@ CHI,,0.00,,0.00,,,,,0.00,,0.00,,0.00,0.00,0.00,0,10,0,0,0,50000,0,0,0,,PF,PF,PF,,,,F,F
3938,Napier,Shabazz,ORL,PG,@ NYK,0.00,0.00,0.00,0.00,0.00,0.00,0.00,0.00,0.00,0.00,0.00,0.00,0.00,0.00,0.00,3500,10,0,0,0,35000,0,0,0,PG,PG,PG,PG,,,,G,G
4036,Cotton,Bryce,PHO,PG,@ UTA,0.00,0.00,0.00,0.00,0.00,0.00,0.00,0.00,0.00,0.00,0.00,0.00,0.00,0.00,0.00,3500,10,0,0,0,35000,0,0,0,PG,PG,PG,PG,,,,G,G
3439,Beal,Bradley,WAS,SG,SAC,,0.00,,0.00,,,,,0.00,,0.00,,0.00,0.00,0.00,7200,34,0,0,0,118100,0,0,0,SG,SG,SG,SG,,,,G,G
3142,Pleiss,Tibor,UTA,C,PHO,0.00,0.00,0.00,0.00,0.00,0.00,0.00,0.00,0.00,0.00,0.00,0.00,0.00,0.00,0.00,3500,10,0,0,0,38000,0,0,0,C,C,C,C,,C,,C,C
3337,Pekovic,Nikola,MIN,C,@ BOS,,0.00,,0.00,,,,,0.00,,0.00,,0.00,0.00,0.00,4800,18,0,0,0,88000,0,0,0,C,C,C,C,,C,,C,C
3926,Huestis,Josh,OKC,SF,@ LAC,0.00,0.00,0.00,0.00,0.00,0.00,0.00,0.00,0.00,0.00,0.00,0.00,0.00,0.00,0.00,0,10,0,0,0,50000,0,0,0,SF,SF,SF,SF,,,,F,F
1941,Gooden,Drew,WAS,PF,SAC,0.00,0.00,0.00,0.00,0.00,0.00,0.00,0.00,0.00,0.00,0.00,0.00,0.00,0.00,0.00,3500,10,0,0,0,45200,0,0,0,PF,PF,PF,PF;C,,,,F,F
5025,Jones,Tyus,MIN,PG,@ BOS,0.00,0.00,0.00,0.00,0.00,0.00,0.00,0.00,0.00,0.00,0.00,0.00,0.00,0.00,0.00,3500,10,0,0,0,44000,0,0,0,PG,PG,PG,PG,,,,G,G
3684,Larkin,Shane,BKN,PG,@ CHI,,0.00,,0.00,,,,,0.00,,0.00,,0.00,0.00,0.00,4600,12,0,0,0,64200,0,0,0,PG,PG,PG,PG,,,,G,G
3953,Tavares,Walter,ATL,C,POR,0.00,0.00,0.00,0.00,0.00,0.00,0.00,0.00,0.00,0.00,0.00,0.00,0.00,0.00,0.00,3500,10,0,0,0,38000,0,0,0,C,C,C,C,,C,,C,C
5059,Young,Joseph,IND,SG,@ SAS,0.00,0.00,0.00,0.00,0.00,0.00,0.00,0.00,0.00,0.00,0.00,0.00,0.00,0.00,0.00,3500,10,0,0,0,35000,0,0,0,SG,PG,SG,,,,,,G
3683,Karasev,Sergey,BKN,SF,@ CHI,0.00,0.00,0.00,0.00,0.00,0.00,0.00,0.00,0.00,0.00,0.00,0.00,0.00,0.00,0.00,3500,10,0,0,0,35000,0,0,0,SF,SG,SF,SG;SF,,,,G,G
5040,Payne,Cameron,OKC,PG,@ LAC,0.00,0.00,0.00,0.00,0.00,0.00,0.00,0.00,0.00,0.00,0.00,0.00,0.00,0.00,0.00,3500,10,0,0,0,35000,0,0,0,PG,PG,PG,PG,,,,G,G
5022,Hunter,RJ,BOS,SG,MIN,0.00,0.00,0.00,0.00,0.00,0.00,0.00,0.00,0.00,0.00,0.00,0.00,0.00,0.00,0.00,3500,10,0,0,0,35000,0,0,0,SG,SG,SG,SG,,,,G,G
3928,Jefferson,Cory,PHO,PF,@ UTA,0.00,0.00,0.00,0.00,0.00,0.00,0.00,0.00,0.00,0.00,0.00,0.00,0.00,0.00,0.00,3500,10,0,0,0,35000,0,0,0,PF,PF,PF,PF,,,,F,F
3719,Goodwin,Archie,PHO,PG,@ UTA,0.00,0.00,0.00,0.00,0.00,0.00,0.00,0.00,0.00,0.00,0.00,0.00,0.00,0.00,0.00,3600,10,0,0,0,35000,0,0,0,PG,SG,SG,PG;SG,,,,G,G
5168,Montero,Luis,POR,SF,@ ATL,0.00,0.00,0.00,0.00,0.00,0.00,0.00,0.00,0.00,0.00,0.00,0.00,0.00,0.00,0.00,3500,10,0,0,0,44000,0,0,0,SF,SF,SF,SF,,,,F,G
3532,Kidd-Gilchrist,Michael,CHA,SF,@ HOU,,0.00,,0.00,,,,,0.00,,0.00,,0.00,0.00,0.00,0,21,0,0,0,90300,0,0,0,SF,SF,SF,SF,,,,F,F
3949,Smart,Marcus,BOS,PG,MIN,,0.00,,0.00,,,,,0.00,,0.00,,0.00,0.00,0.00,5300,18,0,0,0,80200,0,0,0,PG,PG,PG,PG,,,,G,G
3958,Wilcox,CJ,LAC,SG,OKC,0.00,0.00,0.00,0.00,0.00,0.00,0.00,0.00,0.00,0.00,0.00,0.00,0.00,0.00,0.00,0,10,0,0,0,35000,0,0,0,SG,SG,SG,SG,,,,G,G
4103,Whittington,Shayne,IND,C,@ SAS,0.00,0.00,0.00,0.00,0.00,0.00,0.00,0.00,0.00,0.00,0.00,0.00,0.00,0.00,0.00,3500,10,0,0,0,35000,0,0,0,C,C,C,C,,,,C,F
5166,Felicio,Cristiano,CHI,C,BKN,0.00,0.00,0.00,0.00,0.00,0.00,0.00,0.00,0.00,0.00,0.00,0.00,0.00,0.00,0.00,3500,10,0,0,0,0,0,0,0,C,C,C,C,,,,C,
3506,Holiday,Justin,ATL,SG,POR,0.00,0.00,0.00,0.00,0.00,0.00,0.00,0.00,0.00,0.00,0.00,0.00,0.00,0.00,0.00,3500,10,0,0,0,35000,0,0,0,SG,SG,SG,SG;SF,,,,G,G
3935,McGary,Mitch,OKC,PF,@ LAC,0.00,0.00,0.00,0.00,0.00,0.00,0.00,0.00,0.00,0.00,0.00,0.00,0.00,0.00,0.00,3500,10,0,0,0,35000,0,0,0,PF,PF,PF,PF;C,,,,C,F
2412,Anderson,Alan,WAS,SG,SAC,,0.00,,0.00,,,,,0.00,,0.00,,0.00,0.00,0.00,3500,10,0,0,0,50600,0,0,0,SG,SG,SG,SG;SF,,,,G,G
5053,Turner,Myles,IND,PF,@ SAS,,0.00,,0.00,,,,,0.00,,0.00,,0.00,0.00,0.00,3500,10,0,0,0,35400,0,0,0,PF,C,C,C,,,,C,C
3141,Aldrich,Cole,LAC,C,OKC,0.00,0.00,0.00,0.00,0.00,0.00,0.00,0.00,0.00,0.00,0.00,0.00,0.00,0.00,0.00,3500,10,0,0,0,36700,0,0,0,C,C,C,C,,C,,C,C
5042,Portis,Bobby,CHI,PF,BKN,0.00,0.00,0.00,0.00,0.00,0.00,0.00,0.00,0.00,0.00,0.00,0.00,0.00,0.00,0.00,3900,10,0,0,0,50100,0,0,0,PF,PF,PF,PF,,,,F,F
5134,Dukan,Duje,SAC,PF,@ WAS,0.00,0.00,0.00,0.00,0.00,0.00,0.00,0.00,0.00,0.00,0.00,0.00,0.00,0.00,0.00,3500,10,0,0,0,0,0,0,0,PF,SF,SF,SF,,,,F,F
5006,Connaughton,Pat,POR,SG,@ ATL,0.00,0.00,0.00,0.00,0.00,0.00,0.00,0.00,0.00,0.00,0.00,0.00,0.00,0.00,0.00,3500,10,0,0,0,35000,0,0,0,SG,SG,SF,SG;SF,,,,G,G
5047,Rozier,Terry,BOS,PG,MIN,0.00,0.00,0.00,0.00,0.00,0.00,0.00,0.00,0.00,0.00,0.00,0.00,0.00,0.00,0.00,3500,10,0,0,0,35000,0,0,0,PG,PG,PG,PG,,,,G,G
3381,Mack,Shelvin,ATL,PG,POR,0.00,0.00,0.00,0.00,0.00,0.00,0.00,0.00,0.00,0.00,0.00,0.00,0.00,0.00,0.00,3500,10,0,0,0,35000,0,0,0,PG,PG,PG,PG,,,,G,G
2357,Bonner,Matt,SAS,C,IND,0.00,0.00,0.00,0.00,0.00,0.00,0.00,0.00,0.00,0.00,0.00,0.00,0.00,0.00,0.00,3500,10,0,0,0,35000,0,0,0,C,PF,PF,PF;C,,C,,C,F
3903,Bairstow,Cameron,CHI,PF,BKN,0.00,0.00,0.00,0.00,0.00,0.00,0.00,0.00,0.00,0.00,0.00,0.00,0.00,0.00,0.00,3500,10,0,0,0,35000,0,0,0,PF,PF,PF,PF;C,,,,C,F
2046,Kaman,Chris,POR,C,@ ATL,0.00,0.00,0.00,0.00,0.00,0.00,0.00,0.00,0.00,0.00,0.00,0.00,0.00,0.00,0.00,3700,10,0,0,0,58600,0,0,0,C,PF,C,PF;C,,C,,C,C
5032,Mickey,Jordan,BOS,PF,MIN,0.00,0.00,0.00,0.00,0.00,0.00,0.00,0.00,0.00,0.00,0.00,0.00,0.00,0.00,0.00,3500,10,0,0,0,44000,0,0,0,PF,PF,PF,PF,,,,F,F
